ALLAIRE,allaire.mairie@wanadoo.fr
AMBON,mairie-ambon@wanadoo.fr
ARRADON,mairie.maire@arradon.com
ARZAL,mairie-arzal@wanadoo.fr
ARZON,mairie@arzon.fr
AUGAN,mairie.augan@wanadoo.fr
AURAY,courrier.mairie@ville-auray.fr
BADEN,mairie@baden.fr
BANGOR,mairie.bangor@wanadoo.fr
BAUD,""
BEGANNE,mairie.beganne@wanadoo.fr
BEIGNON,mairie.beignon@wanadoo.fr
BELZ,contact@ria-etel.com
BERNE,mairie.berne@wanadoo.fr
BERRIC,mairie.berric@wanadoo.fr
BIEUZY,bieuzy2@wanadoo.fr
BIGNAN,mairie-de-bignan@wanadoo.fr
BILLIERS,mairiedebilliers@wanadoo.fr
BILLIO,mairie.billio@wanadoo.fr
BOHAL,mairie.bohal@wanadoo.fr
BRANDERION,mairie-de-branderion@wanadoo.fr
BRANDIVY,mairie-de-brandivy@wanadoo.fr
BRECH,accueil@brech.fr
BREHAN,brehan.mairie@wanadoo.fr
BRIGNAC,mairie.brignac@wanadoo.fr
BUBRY,mairie.bubry@wanadoo.fr
BULEON,mairie.buleon@wanadoo.fr
CADEN,mairie.caden@wanadoo.fr
CALAN,mairiecalan@wanadoo.fr
CAMOEL,mairie.camoel@wanadoo.fr
CAMORS,commune.de.camors@wanadoo.fr
CAMPENEAC,mairiecampeneac@wanadoo.fr
CARENTOIR,mairie.carentoir@wanadoo.fr
CARNAC,communication@carnac.fr
CARO,mairie.caro@wanadoo.fr
CAUDAN,mairie-caudan@wanadoo.fr
CLEGUER,commune-cleguer@wanadoo.fr
CLEGUEREC,mairie.cleguerec@wanadoo.fr
COLPO,mairie@colpo.fr
CONCORET,mairie-concoret@wanadoo.fr
COURNON,mairiedecournon@wanadoo.fr
CRACH,info@ville-crach.com
CREDIN,mairie.credin@wanadoo.fr
CROIXANVEC,mairie.croixanvec@orange.fr
CRUGUEL,mairie.cruguel@orange.fr
DAMGAN,mairie.damgan@wanadoo.fr
ELVEN,elven@mairie-elven.fr
ERDEVEN,mairieerdeven@wanadoo.fr
ETEL,mairie-etel@fr.oleane.com
EVRIGUET,mairie.evriguet@wanadoo.fr
FEREL,mairie-de-ferel@wanadoo.fr
GAVRES,mairie.gavres@orange.fr
GESTEL,mairie.gestel@wanadoo.fr
GLENAC,mairie.glenac@wanadoo.fr
GOURHEL,mairie-gourhel@wanadoo.fr
GOURIN,mairie@villedegourin.fr
GRAND CHAMP,mairie@grandchamp.fr
GROIX,sg@groix.fr
GUEGON,mairieguegon@wanadoo.fr
GUEHENNO,mairieguehenno@wanadoo.fr
GUELTAS,mairie-gueltas@wanadoo.fr
GUEMENE SUR SCORFF,mairieguemene.surscorff@wanadoo.fr
GUENIN,commune-de-guenin@wanadoo.fr
GUER,mairie-guer@fr.oleane.com
GUERN,guern@wanadoo.fr
GUIDEL,maire@mairie-guidel.fr
GUILLAC,mairieguillac@orange.fr
GUILLIERS,mairieguilliers2@orange.fr
GUISCRIFF,mairie.guiscriff@wanadoo.fr
HELLEAN,mairie.hellean@laposte.net
HENNEBONT,cabinetmaire@mairie-hennebont.fr
ILE AUX MOINES,mairie@ileauxmoines.fr
ILE D ARZ,secretariat@mairie-iledarz.fr
ILE D HOEDIC,mairie-dhoedic@wanadoo.fr
ILE D HOUAT,mairie-houat@wanadoo.fr
INGUINIEL,mairie.inguiniel@wanadoo.fr
INZINZAC LOCHRIST,mairie.inzinzac@wanadoo.fr
JOSSELIN,mairie@josselin.com
KERFOURN,mairie.kerfourn@orange.fr
KERGRIST,mairie-kergrist@wanadoo.fr
KERNASCLEDEN,mairie.kernascleden@wanadoo.fr
KERVIGNAC,mairie@kervignac.com
LA CHAPELLE CARO,mairie.la-chapelle-caro@wanadoo.fr
LA CHAPELLE GACELINE,mairie-la-chapelle-gaceline@wanadoo.fr
LA CHAPELLE NEUVE,mairie.la.chapelle.neuve@wanadoo.fr
LA CROIX HELLEAN,croixhellean.mairie@orange.fr
LA GACILLY,mairie.lagacilly@wanadoo.fr
LA GREE SAINT LAURENT,mairielagreestlaurent@wanadoo.fr
LANDAUL,cyber-landaul@wanadoo.fr
LANDEVANT,commune.landevant@wanadoo.fr
LANESTER,communication@ville-lanester.fr
LANGOELAN,langoelan.Mairie@wanadoo.fr
LANGONNET,mairie.langonnet@wanadoo.fr
LANGUIDIC,mairie@languidic.fr
LANOUEE,mairie.lanouee@wanadoo.fr
LANTILLAC,commune-de-lantillac@wanadoo.fr
LANVAUDAN,mairie.lanvaudan@wanadoo.fr
LANVENEGEN,mairie.lanvenegen@wanadoo.fr
LARMOR BADEN,mairie.larmorbaden@wanadoo.fr
LARMOR PLAGE,mairie@larmor-plage.com
LA ROCHE BERNARD,mairie-lrb@wanadoo.fr
LARRE,mairielarre@wanadoo.fr
LA TRINITE PORHOET,mairie.trinite.porh@wanadoo.fr
LA TRINITE SUR MER,accueil@latrinitesurmer.fr
LA TRINITE SURZUR,trinite-surzur@wanadoo.fr
LAUZACH,mairie.lauzach@wanadoo.fr
LA VRAIE CROIX,lavraie-croix.mairie@wanadoo.fr
LE BONO,accueil@lebono.fr
LE COURS,mairie.lecours@wanadoo.fr
LE CROISTY,mairie-le-croisty@wanadoo.fr
LE FAOUET,droual-marc@ville-le-faouet.fr
LE GUERNO,mairie.leguerno@wanadoo.fr
LE HEZO,mairie.hezo@wanadoo.fr
LE PALAIS,mairie.palais@wanadoo.fr
LE ROC SAINT ANDRE,mairie.roc@wanadoo.fr
LE SAINT,mairie.le.saint@wanadoo.fr
LES FORGES,mairiedesforges@wanadoo.fr
LES FOUGERETS,mairie.fougerets@wanadoo.fr
LE SOURN,mairie.lesourn@wanadoo.fr
LE TOUR DU PARC,mairie.letourduparc@wanadoo.fr
LIGNOL,mairie.lignol@wanadoo.fr
LIMERZEL,mairie.limerzel@wanadoo.fr
LIZIO,mairie-lizio@orange.fr
LOCMALO,mairie.locmalo@wanadoo.fr
LOCMARIA BELLE ILE,locmaria-belle-ile@wanadoo.fr
LOCMARIA GRAND CHAMP,mairie.locmaria.gd.ch@wanadoo.fr
LOCMARIAQUER,accueil@locmariaquer.fr
LOCMINE,locmine.ville@wanadoo.fr
LOCMIQUELIC,mairie-de-locmiquelic@megalis.org
LOCOAL MENDON,mairie.locoalmendon@wanadoo.fr
LOCQUELTAS,mairie.locqueltas@wanadoo.fr
LORIENT,contact@mairie-lorient.fr
LOYAT,loyat@wanadoo.fr
MALANSAC,mairie.malansac@wanadoo.fr
MALESTROIT,mairie@malestroit.fr
MALGUENAC,mairie.malguenac@wanadoo.fr
MARZAN,mairie-de-marzan@wanadoo.fr
MAURON,mairie-mauron@wanadoo.fr
MELRAND,commune-de-melrand@wanadoo.fr
MENEAC,mairie.meneac@wanadoo.fr
MERLEVENEZ,mairiemerlevenez@wanadoo.fr
MESLAN,mairie.meslan@wanadoo.fr
MEUCON,mairie.meucon@wanadoo.fr
MISSIRIAC,mairie.missiriac@wanadoo.fr
MOHON,mairie.mohon@wanadoo.fr
MOLAC,commune.molac@wanadoo.fr
MONTENEUF,mairiemonteneuf@wanadoo.fr
MONTERBLANC,mairie@mairie-monterblanc.fr
MONTERREIN,mairie.monterrein@orange.fr
MONTERTELOT,mairie.montertelot@ploermel.com
MOREAC,mairie.moreac@wanadoo.fr
MOUSTOIR AC,commune.de.moustoir@wanadoo.fr
MOUSTOIR REMUNGOL,mairiemrgol@wanadoo.fr
MUZILLAC,mairie.muzillac@wanadoo.fr
NAIZIN,mairie-de-naizin@wanadoo.fr
NEANT SUR YVEL,mairie-neant-sur-yvel@wanadoo.fr
NEULLIAC,mairie.neulliac.secretariat@wanadoo.fr
NIVILLAC,mairie-nivillac@wanadoo.fr
NOSTANG,mairie.nostang@wanadoo.fr
NOYAL MUZILLAC,mairienoyalmuzillac@wanadoo.fr
NOYALO,mairie.noyalo@wanadoo.fr
NOYAL PONTIVY,mairie@noyal-pontivy.fr
PEAULE,mairiepeaule@wanadoo.fr
PEILLAC,mairie.de.peillac@wanadoo.fr
PENESTIN,mairie.penestin@wanadoo.fr
PERSQUEN,mairie.persquen@wanadoo.fr
PLAUDREN,mairie.plaudren@wanadoo.fr
PLESCOP,accueil@mairie-plescop.fr
PLEUCADEUC,accueil@pleucadeuc.fr
PLEUGRIFFET,mairie.pleugriffet@wanadoo.fr
PLOEMEL,mairie.ploemel@wanadoo.fr
PLOEMEUR,mairie@ploemeur.net
PLOERDUT,ploerdut.mairie@wanadoo.fr
PLOEREN,contact@ploeren.fr
PLOERMEL,mairie@ploermel.com
PLOUAY,mairie.de.plouay@wanadoo.fr
PLOUGOUMELEN,mairie.plougoumelen@wanadoo.fr
PLOUHARNEL,mairie@plouharnel.fr
PLOUHINEC,mairie.plouhinec56@wanadoo.fr
PLOURAY,mairie-de-plouray@wanadoo.fr
PLUHERLIN,pluherlin@wanadoo.fr
PLUMELEC,mairie.de.plumelec@wanadoo.fr
PLUMELIAU,mairie-de-plumeliau@wanadoo.fr
PLUMELIN,mairie.plumelin@wanadoo.fr
PLUMERGAT,mairie.plumergat@wanadoo.fr
PLUNERET,mairie.pluneret@wanadoo.fr
PLUVIGNER,mairie@pluvigner.fr
PONTIVY,secretariat.general@ville-pontivy.fr
PONT SCORFF,mairie.pontscorff@wanadoo.fr
PORCARO,mairie.porcaro@wanadoo.fr
PORT LOUIS,mairie.ville-portlouis@wanadoo.fr
PRIZIAC,mairie.priziac@wanadoo.fr
QUELNEUC,quelneuc@wanadoo.fr
QUESTEMBERT,secretariat.maire@mairie-questembert.fr
QUEVEN,contact@queven.com
QUIBERON,quiberon@ville-quiberon.fr
QUILY,mairie-quily@wanadoo.fr
QUISTINIC,mairie.quistinic@wanadoo.fr
RADENAC,cyber.radenac@wanadoo.fr
REGUINY,mairie.reguiny@wanadoo.fr
REMINIAC,mairie.reminiac@wanadoo.fr
REMUNGOL,mairie-remungol@orange.fr
RIANTEC,secretariatgeneral-mairie@riantec.com
RIEUX,mairiederieux@wanadoo.fr
ROCHEFORT EN TERRE,mairie.rochefort-en-terre@wanadoo.fr
ROHAN,mairie.rohan@wanadoo.fr
ROUDOUALLEC,mairie.roudouallec@wanadoo.fr
RUFFIAC,mairiederuffiac47@orange.fr
SAINT ABRAHAM,mairie-saint-abraham@wanadoo.fr
SAINT AIGNAN,mairie@saint-aignan56.fr
SAINT ALLOUESTRE,mairie.stallouestre@wanadoo.fr
SAINT ARMEL,mairie.saint.armel@wanadoo.fr
SAINT AVE,mairie@saint-ave.fr
SAINT BARTHELEMY,commune-stbarthelemy@orange.fr
SAINT BRIEUC DE MAURON,mairie.saint.brieuc.de.mauron@orange.fr
SAINT CARADEC TREGOMEL,mairie-de-st-caradec-tregomel@wanadoo.fr
SAINT CONGARD,mairie-st-congard@wanadoo.fr
SAINT DOLAY,mairie.saint-dolay@wanadoo.fr
SAINTE ANNE D AURAY,contact@sainte-anne-auray.com
SAINTE BRIGITTE,commune.sainte-brigitte@wanadoo.fr
SAINTE HELENE,saint.helene.sur.mer@wanadoo.fr
SAINT GERAND,mairie.st-gerand@wanadoo.fr
SAINT GILDAS DE RHUYS,contact@saint-gildas-de-rhuys.fr
SAINT GONNERY,mairie.st.gonnery@wanadoo.fr
SAINT GORGON,mairie-st.gorgon@wanadoo.fr
SAINT GRAVE,mairie-st-grave@wanadoo.fr
SAINT GUYOMARD,mairie.st-guyomard@wanadoo.fr
SAINT JACUT LES PINS,mairie.stjacutlespins@wanadoo.fr
SAINT JEAN BREVELAY,mairie.stjeanbrevelay@wanadoo.fr
SAINT JEAN LA POTERIE,mairiestjeanpot@wanadoo.fr
SAINT LAURENT SUR OUST,st.laurent.mairie@wanadoo.fr
SAINT LERY,mairie.st.lery@wanadoo.fr
SAINT MALO DE BEIGNON,mairie.stmalodebeignon@wanadoo.fr
SAINT MALO DES TROIS FONTAINES,mairie.st-malo-des-trois-fontaines@wanadoo.fr
SAINT MARCEL,saintmarcel.mairie@wanadoo.fr
SAINT MARTIN,st-martin-oust@wanadoo.fr
SAINT NICOLAS DU TERTRE,mairie.st-nicolas-tertre@wanadoo.fr
SAINT NOLFF,mairie.st-nolff@pays-de-vannes.net
SAINT PERREUX,mairie-st-perreux@wanadoo.fr
SAINT PHILIBERT,mairie.saintphilibert@wanadoo.fr
SAINT PIERRE QUIBERON,mairie@saintpierrequiberon.net
SAINT SERVANT,mairie.st-servant-sur-oust@wanadoo.fr
SAINT THURIAU,mairie.saint.thuriau@wanadoo.fr
SAINT TUGDUAL,mairie.st-tugdual@wanadoo.fr
SAINT VINCENT SUR OUST,mairie.st.vincent.sur.oust@wanadoo.fr
SARZEAU,mairie@sarzeau.fr
SAUZON,mairiedesauzon@wanadoo.fr
SEGLIEN,mairie.seglien@wanadoo.fr
SENE,contact@sene.com
SERENT,mairie@serent.fr
SILFIAC,serge.moelo@wanadoo.fr
SULNIAC,accueil@mairie-sulniac.fr
SURZUR,mairie@surzur.fr
TAUPONT,mairie.taupont@wanadoo.fr
THEHILLAC,mairie.thehillac@wanadoo.fr
THEIX,secretariat@theix.fr
TREAL,mairie.treal@wanadoo.fr
TREDION,mairie.tredion@wanadoo.fr
TREFFLEAN,mairie@trefflean.com
TREHORENTEUC,mairie.trehorenteuc@wanadoo.fr
VANNES,contact@mairie-vannes.fr
AGEN,mairie.agen@agen.fr
AGME,mairie.agme@orange.fr
AGNAC,mairie.agnac@orange.fr
AIGUILLON,sec.general@ville-aiguillon.fr
ALLEMANS DU DROPT,mairie.allemans@wanadoo.fr
ALLEZ ET CAZENEUVE,mairie.allezetcazeneuve@wanadoo.fr
ALLONS,mairiedeallons@orange.fr
AMBRUS,mairieambrus@orange.fr
ANDIRAN,mairie.andiran@wanadoo.fr
ANTAGNAC,mairie.antagnac@wanadoo.fr
ANTHE,mairie.anthe@wanadoo.fr
ANZEX,communeanzex@wanadoo.fr
ARGENTON,commune.argenton@cegetel.net
ARMILLAC,mairie.armillac@orange.fr
ASTAFFORT,mairie.astaffort@wanadoo.fr
AUBIAC,commune.aubiac.47@wanadoo.fr
AURADOU,mairie.auradou@wanadoo.fr
AURIAC SUR DROPT,mairie.auriac.sur.dropt@wanadoo.fr
BAJAMONT,mairiebajamont@wanadoo.fr
BALEYSSAGUES,mairie.baleyssagues@wanadoo.fr
BARBASTE,mairie.barbaste@orange.fr
BAZENS,mairiebazens47@wanadoo.fr
BEAUGAS,mairie.beaugas@wanadoo.fr
BEAUPUY,communebeaupuy.47@wanadoo.fr
BEAUVILLE,mairie.beauville47@wanadoo.fr
BEAUZIAC,mairiebeauziac@wanadoo.fr
BIAS,mairie.bias@voila.fr
BIRAC SUR TREC,mairie-de-birac-sur-trec@wanadoo.fr
BLANQUEFORT SUR BRIOLANCE,mairieblanquefortsurbriolance@wanadoo.fr
BLAYMONT,mairie-de-blaymont@wanadoo.fr
BOE,infoboe@ville-boe.fr
BON ENCONTRE,communication@ville-bon-encontre.fr
BOUDY DE BEAUREGARD,mairieboudydebeauregard@wanadoo.fr
BOUGLON,mairie.de.bouglon@wanadoo.fr
BOURGOUGNAGUE,mairie.bourgougnague@wanadoo.fr
BOURLENS,mairie.bourlens@wanadoo.fr
BOURNEL,mairie.bournel@wanadoo.fr
BOURRAN,mairie.de.bourran@lgtel.fr
BOUSSES,mairie-de-bousses@wanadoo.fr
BRAX,communedebrax.47@wanadoo.fr
BRUCH,mairie.bruch@orange.fr
BRUGNAC,mairie.brugnac@wanadoo.fr
BUZET SUR BAISE,mairie@buzet-sur-baise.fr
CAHUZAC,mairie.cahuzac@wanadoo.fr
CALIGNAC,mairie.calignac@wanadoo.fr
CALONGES,communedecalonges.47@wanadoo.fr
CAMBES,mairie-cambes@wanadoo.fr
CANCON,mairie.cancon@wanadoo.fr
CASSENEUIL,mairie.casseneuil@wanadoo.fr
CASSIGNAS,mairie.cassignas@wanadoo.fr
CASTELCULIER,mairie.castelculier@castelculier.fr
CASTELJALOUX,ad.mairie-casteljaloux@wanadoo.fr
CASTELLA,mairie.castella@wanadoo.fr
CASTELMORON SUR LOT,mairiecastelmoron.47@wanadoo.fr
CASTELNAUD DE GRATECAMBE,mairiecastelnauddegratecambe@wanadoo.fr
CASTELNAU SUR GUPIE,mairie.castelnau@wanadoo.fr
CASTILLONNES,mairie.castillonnes@wanadoo.fr
CAUBEYRES,mairie.caubeyres@wanadoo.fr
CAUBON SAINT SAUVEUR,communecaubonstsauveur@wanadoo.fr
CAUDECOSTE,caudecoste.mairie@wanadoo.fr
CAUMONT SUR GARONNE,communedecaumont-47@wanadoo.fr
CAUZAC,mairie.cauzac@wanadoo.fr
CAVARC,mairie.cavarc@wanadoo.fr
CAZIDEROQUE,mairie.cazideroque@free.fr
CLAIRAC,commune.clairac@wanadoo.fr
CLERMONT DESSOUS,mairie.clermontdessous@wanadoo.fr
CLERMONT SOUBIRAN,mairie.clermontsoubiran@wanadoo.fr
COCUMONT,communedecocumont.47@wanadoo.fr
COLAYRAC SAINT CIRQ,colayrac-saint-cirq@wanadoo.fr
CONDEZAYGUES,mairie.condezaygues@wanadoo.fr
COULX,mairie-de-coulx@wanadoo.fr
COURBIAC,mairie.courbiac@wanadoo.fr
COURS,mairie.cours@wanadoo.fr
COUTHURES SUR GARONNE,communedecouthures.47@wanadoo.fr
CUQ,mairie.de.cuq@wanadoo.fr
CUZORN,mairie.cuzorn@wanadoo.fr
DAMAZAN,mairie.damazan@wanadoo.fr
DAUSSE,mairie.dausse@free.fr
DEVILLAC,mairie.devillac@tsf47.net
DOLMAYRAC,mairiedolmayrac@wanadoo.fr
DONDAS,mairie.dondas@wanadoo.fr
DOUDRAC,mairie.doudrac@wanadoo.fr
DOUZAINS,douzains.cne@wanadoo.fr
DURANCE,mairiededurance@wanadoo.fr
DURAS,MAIRIE-DE-DURAS@wanadoo.fr
ENGAYRAC,mairieengayrac@wanadoo.fr
ESCASSEFORT,mairie.escassefort@wanadoo.fr
ESCLOTTES,mairie.esclottes@wanadoo.fr
ESPIENS,communeespiens@wanadoo.fr
ESTILLAC,mairie.estillac@wanadoo.fr
FALS,mairie-de-fals@wanadoo.fr
FARGUES SUR OURBISE,mairiefarguessurourbise@wanadoo.fr
FAUGUEROLLES,communedefauguerolles.47@wanadoo.fr
FAUILLET,mairie.fauillet@wanadoo.fr
FERRENSAC,ferrensac.mairie@wanadoo.fr
FEUGAROLLES,mairiefeugarolles@orange.fr
FIEUX,mairie-fieux@wanadoo.fr
FONGRAVE,mairie.fongrave@wanadoo.fr
FOULAYRONNES,mairie@ville-foulayronnes.fr
FOURQUES SUR GARONNE,communefourquesgaronne@wanadoo.fr
FRANCESCAS,mairie@francescas.info
FRECHOU,mairie.lefrechou@wanadoo.fr
FREGIMONT,mairie.fregimont@wanadoo.fr
FRESPECH,mairie.frespech@wanadoo.fr
FUMEL,accueil@mairiefumel.fr
GALAPIAN,mairie.galapian@wanadoo.fr
GAUJAC,communedegaujac.47@wanadoo.fr
GAVAUDUN,mairiegavaudun@wanadoo.fr
GONTAUD DE NOGARET,gontaud.nogaret@wanadoo.fr
GRANGES SUR LOT,mairie.granges.sur.lot@wanadoo.fr
GRATELOUP,communedegrateloup.47@wanadoo.fr
GRAYSSAS,mairiegrayssas@wanadoo.fr
GREZET CAVAGNAN,mairie.grezetcavagnan@wanadoo.fr
GUERIN,mairie.guerin@wanadoo.fr
HAUTEFAGE LA TOUR,communehautefagelatour@wanadoo.fr
HAUTES VIGNES,mairie.hautesvignes@wanadoo.fr
HOUEILLES,mairie-houeilles@wanadoo.fr
JUSIX,communedejusix.47@wanadoo.fr
LABASTIDE CASTEL AMOUROUX,mairie.labastide.ca@wanadoo.fr
LABRETONIE,mairie.labretonie@wanadoo.fr
LACAPELLE BIRON,lacapelle.biron@wanadoo.fr
LACAUSSADE,mairielacaussade2@wanadoo.fr
LACEPEDE,mairie.de.lacepede@wanadoo.fr
LACHAPELLE,mairielachapelle47350@orange.fr
LA CROIX BLANCHE,commune.la.croix.blanche@wanadoo.fr
LAFITTE SUR LOT,mairie-de-lafitte@wanadoo.fr
LAFOX,mairielafox@wanadoo.fr
LAGARRIGUE,mairie.lagarrigue@orange.fr
LAGRUERE,communedelagruere.47@wanadoo.fr
LAGUPIE,mairie-de-lagupie@wanadoo.fr
LALANDUSSE,""
LAMONTJOIE,mairie.lamontjoie@wanadoo.fr
LANNES,mairie.lannes@wanadoo.fr
LAPARADE,mairie.laparade@wanadoo.fr
LAPERCHE,""
LAPLUME,mairie.laplume@wanadoo.fr
LA REUNION,mairiedelareunion@wanadoo.fr
LAROQUE TIMBAUT,mairie.laroque@wanadoo.fr 
LA SAUVETAT DE SAVERES,mairie.sauvetat@orange.fr
LA SAUVETAT DU DROPT,mairie.sauvetatdudropt@wanadoo.fr
LA SAUVETAT SUR LEDE,lasauvetat.mairie@free.fr
LASSERRE,commune-lasserre@orange.fr
LAUGNAC,mairiedelaugnac@wanadoo.fr
LAUSSOU,mairie.laussou@wanadoo.fr
LAUZUN,mairie@ville-lauzun.fr
LAVARDAC,mairie.lavardac@ville-lavardac.fr
LAVERGNE,mairie.lavergne@wanadoo.fr
LAYRAC,mairie.layrac@wanadoo.fr
LEDAT,""
LE MAS D AGENAIS,communedumasdagenais.47@wanadoo.fr
LE PASSAGE,mairie@ville-lepassage.fr
LE TEMPLE SUR LOT,mairieletemple47@wanadoo.fr
LEVIGNAC DE GUYENNE,mairie.levignac.47@wanadoo.fr
LEYRITZ MONCASSIN,communeleyritzmoncassin@wanadoo.fr
LONGUEVILLE,longueville.47@cegetel.net
LOUBES BERNAC,mairie.loubes-bernac@wanadoo.fr
LOUGRATTE,mairie.lougratte@wanadoo.fr
LUSIGNAN PETIT,mairie.lusignanpetit@wanadoo.fr
MADAILLAN,mairie-madaillan@wanadoo.fr
MARCELLUS,communedemarcellus.47@wanadoo.fr
MARMANDE,mairie@mairie-marmande.fr
MARMONT PACHAS,mairiedemarmontpachas.47@wanadoo.fr
MASQUIERES,commune.masquieres@orange.fr
MASSELS,mairie.massels@wanadoo.fr
MASSOULES,mairie-massoules@wanadoo.fr
MAUVEZIN SUR GUPIE,communedemauvezin.47@wanadoo.fr
MAZIERES NARESSE,mazieres-naresse@orange.fr
MEILHAN SUR GARONNE,communedemeilhan.47@wanadoo.fr
MEZIN,mezinmairie@wanadoo.fr
MIRAMONT DE GUYENNE,info@ville-miramontdeguyenne.fr
MOIRAX,mairiedemoirax@wanadoo.fr
MONBAHUS,mairie.monbahus@wanadoo.fr
MONBALEN,mairie.monbalen@wanadoo.fr
MONCAUT,commune.de.moncaut@wanadoo.fr
MONCLAR,monclar.mairie@wanadoo.fr
MONCRABEAU,mairie.moncrabeau@wanadoo.fr
MONFLANQUIN,mairie-monflanquin@wanadoo.fr
MONHEURT,mairie.monheurt@wanadoo.fr
MONSEGUR,mairiedemonsegur@wanadoo.fr
MONSEMPRON LIBOS,accueil.monsempron@wanadoo.fr
MONTAGNAC SUR AUVIGNON,communemontagnacsurauvignon@wanadoo.fr
MONTAGNAC SUR LEDE,montagnacsurlede@gmail.com
MONTASTRUC,communemontastruc47@wanadoo.fr
MONTAURIOL,mairie.montauriol@packsurfwifi.com
MONTAUT,mairie.montaut@lgtel.fr
MONTAYRAL,communedemontayral@wanadoo.fr
MONTESQUIEU,mairie.montesquieu@wanadoo.fr
MONTETON,mairie.monteton@wanadoo.fr
MONTGAILLARD,mairie.montgaillard@wanadoo.fr
MONTIGNAC DE LAUZUN,mairie.montignacdelauzun@orange.fr
MONTIGNAC TOUPINERIE,mairie.montignactoupinerie@sfr.fr
MONTPEZAT,montpezat.mairie@wanadoo.fr
MONTPOUILLAN,mairie.montpouillon@wanadoo.fr
MONVIEL,commune.monviel@orange.fr
MOULINET,mairiedemoulinet@wanadoo.fr
MOUSTIER,mairie.moustier@orange.fr
NERAC,mairie.nerac@ville-nerac.fr
NICOLE,mairie-nicole@wanadoo.fr
NOMDIEU,mairie.nomdieu@wanadoo.fr
PAILLOLES,pailloles.mairie@wanadoo.fr
PARDAILLAN,mairie.pardaillan@wanadoo.fr
PARRANQUET,mairie.parranquet@wanadoo.fr
PAULHIAC,mairie.paulhiac@tsf47.net
PENNE D AGENAIS,mairie@ville-pennedagenais.fr
PEYRIERE,mairie.peyrieres@wanadoo.fr
PINDERES,mairie.pinderes@wanadoo.fr
PINEL HAUTERIVE,mairie.pinel-hauterive@wanadoo.fr
POMPIEY,mairie.pompiey@tsf47.net
POMPOGNE,mairiedepompogne@tff47.net
PONT DU CASSE,janine.dulis@ville-pontducasse.fr
PORT SAINTE MARIE,port-sainte-marie.mairie@wanadoo.fr
POUDENAS,mairie.de.poudenas@wanadoo.fr
POUSSIGNAC,mairie.poussignac@wanadoo.fr
PRAYSSAS,mairie.prayssas@wanadoo.fr
PUCH D AGENAIS,mairie.puch@wanadoo.fr
PUJOLS,mairie-de-pujols@wanadoo.fr
PUYMICLAN,mairie.puymiclan@wanadoo.fr
PUYMIROL,mairie.puymirol@wanadoo.fr
PUYSSERAMPION,""
RAYET,mairie.rayet@orange.fr
RAZIMET,mairierazimet@wanadoo.fr
REAUP LISSE,mairie.de.reaup@wanadoo.fr
RIVES,communes.rives@wanadoo.fr
ROMESTAING,""
ROQUEFORT,communederoquefort.47@wanadoo.fr
ROUMAGNE,commune.roumagne@wanadoo.fr
SAINT ANTOINE DE FICALBA,mairie.ficalba@wanadoo.fr
SAINT ASTIER,mairie.saintastier@wanadoo.fr
SAINT AUBIN,mairie.st.aubin.47@wanadoo.fr
SAINT AVIT,mairie-de-saint-avit@wanadoo.fr
SAINT BARTHELEMY D AGENAIS,mairie.st.barthelemy@wanadoo.fr
SAINT CAPRAIS DE LERM,mairie-st-caprais-de-l47@wanadoo.fr
SAINT COLOMB DE LAUZUN,colombst@wanadoo.fr
SAINTE BAZEILLE,communedesaintebazeille.47@wanadoo.fr
SAINTE COLOMBE DE DURAS,mairieduras@wanadoo.fr
SAINTE COLOMBE DE VILLENEUVE,m.ste.colombe.villeneuve@wanadoo.fr
SAINTE COLOMBE EN BRUILHOIS,mairie.ste.colombe.en.bruilhois@wanadoo.fr
SAINTE GEMME MARTAILLAC,mairie.sainte-gemme@wanadoo.fr
SAINTE LIVRADE SUR LOT,mairie.livrade@ville-ste-livrade47.fr
SAINTE MARTHE,communestemarthe@wanadoo.fr
SAINTE MAURE DE PEYRIAC,mairie.sainte.maure@wanadoo.fr
SAINT ETIENNE DE FOUGERES,mairiestetiennedefougeres@wanadoo.fr
SAINT ETIENNE DE VILLEREAL,mairie.stetienneval@wanadoo.fr
SAINT EUTROPE DE BORN,mairie-de-saint-eutrope-de-born@wanadoo.fr
SAINT FRONT SUR LEMANCE,mairie.st-front@wanadoo.fr
SAINT GEORGES,mairiedesaintgeorges@wanadoo.fr
SAINT GERAUD,mairie-saint-geraud@orange.fr
SAINT HILAIRE DE LUSIGNAN,mairie.sthilaire@wanadoo.fr
SAINT JEAN DE DURAS,communestjeandeduras@wanadoo.fr
SAINT JEAN DE THURAC,mairiestjeandethurac@wanadoo.fr
SAINT LAURENT,mairiest-laurent@wanadoo.fr
SAINT LEGER,mairie-st.leger@wanadoo.fr
SAINT LEON,commune.stleon@wanadoo.fr
SAINT MARTIN CURTON,mairie.stmartincurton@wanadoo.fr
SAINT MARTIN DE BEAUVILLE,mairie.stmartindebeauville@orange.fr
SAINT MARTIN DE VILLEREAL,mairiestmartinval@wanadoo.fr
SAINT MARTIN PETIT,communesaintmartinpetit.47@wanadoo.fr
SAINT MAURICE DE LESTAPEL,mairie.stmaurice279@orange.fr
SAINT MAURIN,mairie.stmaurin@wanadoo.fr
SAINT NICOLAS DE LA BALERME,mairie-stnicolas-de-la-balerme@wanadoo.fr
SAINT PARDOUX DU BREUIL,mairie.st.pardoux.du.breu@cegetel.net
SAINT PARDOUX ISAAC,mairie.stpardouxisaac@wanadoo.fr
SAINT PASTOUR,mairie.saint-pastour@wanadoo.fr
SAINT PE SAINT SIMON,mairiestpe@wanadoo.fr
SAINT PIERRE DE BUZET,stpierredebuzet@lgtel.fr
SAINT PIERRE DE CLAIRAC,mairie-stpierredeclairac@orange.fr
SAINT PIERRE SUR DROPT,mairie-de-st-pierre-sur-dropt@wanadoo.fr
SAINT QUENTIN DU DROPT,saint-quentin.mairie@wanadoo.fr
SAINT ROBERT,mairie.strobert@wanadoo.fr
SAINT ROMAIN LE NOBLE,mairie.st-romain-le-noble@wanadoo.fr
SAINT SALVY,mairie-st-salvy@libertysurf.fr
SAINT SARDOS,mairie@saint-sardos47.fr
SAINT SAUVEUR DE MEILHAN,communedesaintsauveurdemeilhan.47@wanadoo.fr
SAINT SERNIN,mairiestsernin@wanadoo.fr
SAINT SIXTE,mairiestsixte47@wanadoo.fr
SAINT SYLVESTRE SUR LOT,commune.st.sylvestre.lot@wanadoo.fr
SAINT URCISSE,mairiesainturcisse@wanadoo.fr
SAINT VINCENT DE LAMONTJOIE,commune.st.vincent.de.l@wanadoo.fr
SAINT VITE,mairie.saintvite@orange.fr
SALLES,mairie.de.salles47@wanadoo.fr
SAMAZAN,communedesamazan@wanadoo.fr
SAUMEJAN,mairie.saumejan@wanadoo.fr
SAUMONT,saumontlebourg@wanadoo.fr
SAUVAGNAS,mairie.sauvagnas@wanadoo.fr
SAUVETERRE LA LEMANCE,mairie.sauveterre.la.lce@wanadoo.fr
SAUVETERRE SAINT DENIS,mairiedesauveterre@wanadoo.fr
SAVIGNAC DE DURAS,mairie.savignac.de.duras@wanadoo.fr
SAVIGNAC SUR LEYZE,savignac-sleyze-47150@wanadoo.fr
SEGALAS,mairie-segalas47@wanadoo.fr
SEMBAS,mairie.sembas@wanadoo.fr
SENESTIS,communedesenestis.47@wanadoo.fr
SERIGNAC PEBOUDOU,mairie-peboudou@orange.fr
SERIGNAC SUR GARONNE,mairie.serignac.garonne@wanadoo.fr
SEYCHES,mairie-seyches@wanadoo.fr
SOS,mairiedesos@wanadoo.fr
SOUMENSAC,mairie.soumensac@wanadoo.fr
TAILLEBOURG,taillebourg2@wanadoo.fr
TAYRAC,mairie-tayrac@wanadoo.fr
THEZAC,commune.thezac@wanadoo.fr
THOUARS SUR GARONNE,mairie-de-thouarss-garonne@wanadoo.fr
TOMBEBOEUF,mairie.tombeboeuf@wanadoo.fr
TONNEINS,contact@mairie-tonneins.fr
TOURLIAC,mairie.tourliac@wanadoo.fr
TOURNON D AGENAIS,tournon.mairie@wanadoo.fr
TOURTRES,mairie-de-tourtres@wanadoo.fr
TREMONS,mairie.tremons@wanadoo.fr
TRENTELS,mairie.trentels@wanadoo.fr
VARES,communedevares.47@wanadoo.fr
VERTEUIL D AGENAIS,mairieverteuilagenais@orange.fr
VIANNE,mairie.vianne@wanadoo.fr
VILLEBRAMAR,commune.villebramar@wanadoo.fr
VILLEFRANCHE DU QUEYRAN,communedevillefranche.47@wanadoo.fr
VILLENEUVE DE DURAS,mairevilleneuvede-duras@wanadoo.fr
VILLENEUVE SUR LOT,mairie@ville-villeneuve-sur-lot.fr
VILLEREAL,mairie-villereal@wanadoo.fr
VILLETON,communedevilleton.47@wanadoo.fr
VIRAZEIL,communedevirazeil.47@wanadoo.fr
XAINTRAILLES,mairie.xaintrailles@wanadoo.fr
ABRIES,mairie.abries@wanadoo.fr
AGNIERES EN DEVOLUY,mairie.agnieres@orange.fr
AIGUILLES,""
ANCELLE,""
ANTONAVES,mairie.antonaves@wanadoo.fr
ARVIEUX,mairie.arvieux@wanadoo.fr
ASPREMONT,aspremont@wanadoo.fr
ASPRES LES CORPS,mairie.aspres-les-corps@wanadoo.fr
ASPRES SUR BUECH,mairie.aspres-sur-buech@wanadoo.fr
AVANCON,commune.avancon@wanadoo.fr
BARATIER,mairie.baratier@wanadoo.fr
BARCILLONNETTE,mairie-barci05@wanadoo.fr
BARRET SUR MEOUGE,mairie.barretsurmeouge@wanadoo.fr
BENEVENT ET CHARBILLAC,benevent-charbillac@wanadoo.fr
BREZIERS,mairie.breziers392@orange.fr
BRIANCON,communication@mairie-briancon.fr
BRUIS,mairie.bruis@orange.fr
BUISSARD,mairie.buissard05@orange.fr
CEILLAC,mairie.ceillac@wanadoo.fr
CERVIERES,cervieres@ccbrianconnais.fr
CHABESTAN,mairie.chabestan@wanadoo.fr
CHABOTTES,mairiechabottes@wanadoo.fr
CHAMPCELLA,mairie-champcella@wanadoo.fr
CHAMPOLEON,mairie.champoleon05@wanadoo.fr
CHANOUSSE,""
CHATEAUNEUF DE CHABRE,mairie.chateauneuf-de-chabre@wanadoo.fr
CHATEAUNEUF D OZE,mairie.chateauneufdoze.1@wanadoo.fr
CHATEAUROUX LES ALPES,mairie.05380@wanadoo.fr
CHATEAUVIEUX,mairie.chateauvieux05@wanadoo.fr
CHATEAU VILLE VIEILLE,mairie.chavivi@wanadoo.fr
CHAUFFAYER,mairie.chauffayer@orange.fr
CHORGES,mairie.chorges@wanadoo.fr
CREVOUX,mairie.crevoux@live.fr
CROTS,mairie.crots@wanadoo.fr
EMBRUN,info@ville-embrun.fr
EOURRES,mairie.eourres@wanadoo.fr
ESPARRON,mairie.esparron@wanadoo.fr
ESPINASSES,mairie.espinasses@wanadoo.fr
ETOILE SAINT CYRICE,mairie.etoile05@wanadoo.fr
EYGLIERS,mairie.eygliers@wanadoo.fr
EYGUIANS,mairie.eyguians@laposte.net
FOREST SAINT JULIEN,mairie.forest.st.julien@wanadoo.fr
FOUILLOUSE,mairie.fouillouse@wanadoo.fr
FREISSINIERES,mairie@freissinieres.fr
FURMEYER,mairie.furmeyer@wanadoo.fr
GAP,mairie@ville-gap.fr
GUILLESTRE,ville.guillestre@wanadoo.fr
JARJAYES,mairie.jarjayes@wanadoo.fr
LA BATIE MONTSALEON,Mairie.labatie-montsaleon@orange.fr
LA BATIE NEUVE,commune.de.la.batie.neuve@wanadoo.fr
LA BATIE VIEILLE,mairie.labatie-vieille@wanadoo.fr
LA BEAUME,la.beaume@wanadoo.fr
LA CHAPELLE EN VALGAUDEMAR,la.chapelle.en.valgaudemar@wanadoo.fr
LA CLUSE,lacluseendevoluy@wanadoo.fr
LA FARE EN CHAMPSAUR,la-fare.mairie@wanadoo.fr
LA FAURIE,la.faurie@wanadoo.fr
LA FREISSINOUSE,mairie.lafreissinouse@wanadoo.fr
LAGRAND,Commune.lagrand@orange.fr
LA GRAVE,mairie.la.grave@wanadoo.fr
LA HAUTE BEAUME,mairie.hautebeaume@orange.fr
LA MOTTE EN CHAMPSAUR,motte.en.champsaur@orange.fr
LA PIARRE,mairie-de-lapiarre@alsatis.net
LARAGNE MONTEGLIN,info@mairie-laragne.fr
LARDIER ET VALENCA,mairie.de.lardier@wanadoo.fr
L ARGENTIERE LA BESSEE,mairie@ville-argentiere.fr
LA ROCHE DE RAME,mairie.rochederame@wanadoo.fr
LA ROCHE DES ARNAUDS,mairie.larochea@wanadoo.fr
LA ROCHETTE,villagedelarochette@wanadoo.fr
LA SALLE LES ALPES,mairie.lasalle@wanadoo.fr
LA SAULCE,mairie.la.saulce@wanadoo.fr
LAYE,Communedelaye@wanadoo.fr
LAZER,mairie.lazer@wanadoo.fr
LE BERSAC,mairie@lebersac.fr
LE GLAIZIL,le-glaizil.mairie@orange.fr
LE MONETIER LES BAINS,monetier@monetier.com
LE NOYER,lenoyer@wanadoo.fr
L EPINE,mairie.de.lepine@wanadoo.fr
LE POET,mairiedupoet@wanadoo.fr
LE SAIX,mairie.lesaix@wanadoo.fr
LE SAUZE DU LAC,mairie-du-sauze-du-lac-05@orange.fr
LES COSTES,mairiedescostes@wanadoo.fr
LES INFOURNAS,mairie.les.infournas@wanadoo.fr
LES ORRES,mairie-des-orres@wanadoo.fr
LES VIGNEAUX,communevigneaux@wanadoo.fr
LETTRET,Mairie.lettret@wanadoo.fr
MANTEYER,mairie.manteyer@wanadoo.fr
MEREUIL,mairie.mereuil@wanadoo.fr
MOLINES EN QUEYRAS,mairie.molinesenqueyras@wanadoo.fr
MONETIER ALLEMONT,mairie.monetier@laposte.net
MONTBRAND,montbrand@wanadoo.fr
MONTCLUS,mairie.montclus@wanadoo.fr
MONT DAUPHIN,mairie@montdauphin-vauban.fr
MONTGARDIN,mairiemontgardin@free.fr
MONTGENEVRE,mairie.montgenevre@wanadoo.fr
MONTJAY,mairie-de-montjay@alsatis.net
MONTMAUR,mairie.montmaur@wanadoo.fr
MONTMORIN,mairie.montmorin@orange.fr
MONTROND,mairie.montrond@wanadoo.fr
MOYDANS,mairie.moydans@wanadoo.fr
NEFFES,mairie.neffes@wanadoo.fr
NEVACHE,mairie.nevache@orange.fr
NOSSAGE ET BENEVENT,""
ORCIERES,br-mairie.orcieres@wanadoo.fr
ORPIERRE,mairie.orpierre@wanadoo.fr
OZE,mairie.oze@wanadoo.fr
PELLEAUTIER,communedepelleautier@wanadoo.fr
PELVOUX,mairie-pelvoux@wanadoo.fr
POLIGNY,poligny_commune@orange.fr
PRUNIERES,mairiedeprunieres@wanadoo.fr
PUY SAINT ANDRE,mairie.puysaintandre@wanadoo.fr
PUY SAINT EUSEBE,mairie@puysainteusebe.com
PUY SAINT PIERRE,mairie-puy-saint-pierre@wanadoo.fr
PUY SAINT VINCENT,mairie-puystvincent@wanadoo.fr
PUY SANIERES,mairiedepuysanieres@wanadoo.fr
RABOU,""
RAMBAUD,mairierambaud@wanadoo.fr
REALLON,reallon.mairie@wanadoo.fr
REMOLLON,mairie.remollon@wanadoo.fr
REOTIER,mairie@reotier.fr
RIBEYRET,mairie.ribeyret@wanadoo.fr
RIBIERS,mairieribiers@hotmail.com
RISOUL,mairierisoul@wanadoo.fr
RISTOLAS,mairie.ristolas@wanadoo.fr
ROCHEBRUNE,mairie.rochebrune@wanadoo.fr
ROSANS,mairie@rosans.fr
ROUSSET,communederousset@free.fr
SAINT ANDRE D EMBRUN,mairie.standreembrun@wanadoo.fr
SAINT ANDRE DE ROSANS,st-andre.mairie@wanadoo.fr
SAINT APOLLINAIRE,commune.stapollinaire@wanadoo.fr
SAINT AUBAN D OZE,mairie.staubandoze@wanadoo.fr
SAINT BONNET EN CHAMPSAUR,mairie@saint-bonnet-en-champsaur.net
SAINT CHAFFREY,mairie-st-chaffrey@wanadoo.fr
SAINT CLEMENT SUR DURANCE,mairie-stclement-d@wanadoo.fr
SAINT CREPIN,stcrepin.mairie@orange.fr
SAINT DISDIER,mairie.st.disdier@wanadoo.fr
SAINTE COLOMBE,mairie.stecolombe05@orange.fr
SAINTE MARIE,mairie.saintemarie@orange.fr
SAINT ETIENNE EN DEVOLUY,mairie.devoluy@wanadoo.fr
SAINT ETIENNE LE LAUS,mairiestetiennelelaus@wanadoo.fr
SAINT EUSEBE EN CHAMPSAUR,mairiesainteusebe@wanadoo.fr
SAINT FIRMIN,mairiesaintfirmin@wanadoo.fr
SAINT GENIS,ecrire@mairie-saintgenislaval.fr
SAINT JACQUES EN VALGODEMARD,mairie.stjacques@wanadoo.fr
SAINT JEAN SAINT NICOLAS,comstjeanstnicolas@wanadoo.fr
SAINT JULIEN EN BEAUCHENE,stjulien05@alsatis.net
SAINT JULIEN EN CHAMPSAUR,mairie.st-julien-en-champsaur@wanadoo.fr
SAINT LAURENT DU CROS,mairie.st-laurent-du-cros@wanadoo.fr
SAINT LEGER LES MELEZES,mairie.stleger05@wanadoo.fr
SAINT MARTIN DE QUEYRIERE,mairie.stmartindequeyrieres@wanadoo.fr
SAINT MAURICE EN VALGODEMARD,""
SAINT MICHEL DE CHAILLOL,chaillol.mairie@wanadoo.fr
SAINT PIERRE AVEZ,stpierreavez@wanadoo.fr
SAINT PIERRE D ARGENCON,saintpierre.argencon@orange.fr
SAINT SAUVEUR,mairie.saintsauveur@wanadoo.fr
SAINT VERAN,mairie.stveran@wanadoo.fr
SALEON,mairie.saleon@wanadoo.fr
SALERANS,mairie.salerans@wanadoo.fr
SAVINES LE LAC,mairie.savines@wanadoo.fr
SAVOURNON,mairie-de-savournon@alsatis.net
SERRES,mairie.serres05@wanadoo.fr
SIGOTTIER,mairiedesigottier@wanadoo.fr
SIGOYER,mairie.sigoyer@wanadoo.fr
SORBIERS,""
TALLARD,mairie@ville-tallard.fr
THEUS,Mairietheus@orange.fr
TRESCLEOUX,mairie.trescleoux@orange.fr
UPAIX,mairie.upaix@freesbee.fr
VAL DES PRES,mairie@valdespres.fr
VALLOUISE,mairie.vallouise@wanadoo.fr
VALSERRES,mairie.valserres@wanadoo.fr
VARS,mairie.vars@wanadoo.fr
VENTAVON,mairie.ventavon@gmail.com
VEYNES,mairie.veynes@free.fr
VILLAR D ARENE,villardarene@free.fr
VILLAR LOUBIERE,villarloubiere@wanadoo.fr
VILLAR SAINT PANCRACE,mairie.vsp@wanadoo.fr
VITROLLES,mairievitrolles05@wanadoo.fr
